{"cameraMode":{"drawMode":0,"name":"Shaded","section":"Shading Mode"},"sceneLighting":true,"audioPlay":false,"sceneViewState":{"m_AlwaysRefresh":false,"showFog":true,"showSkybox":false,"showFlares":true,"showImageEffects":true,"showParticleSystems":true,"showVisualEffectGraphs":true,"m_FxEnabled":true},"in2DMode":false,"pivot":{"x":-0.023892879486083986,"y":0.46180641651153567,"z":1.1873329877853394},"rotation":{"x":0.26134878396987917,"y":-0.7126563191413879,"z":0.33174338936805727,"w":0.5605307817459106},"size":0.8011041879653931,"orthographic":false}