{"cameraMode":{"drawMode":0,"name":"Shaded","section":"Shading Mode"},"sceneLighting":false,"audioPlay":false,"sceneViewState":{"m_AlwaysRefresh":false,"showFog":true,"showSkybox":false,"showFlares":true,"showImageEffects":true,"showParticleSystems":true,"showVisualEffectGraphs":true,"m_FxEnabled":true},"in2DMode":false,"pivot":{"x":1.3134925365447999,"y":0.16458046436309815,"z":0.5197155475616455},"rotation":{"x":-0.06947223097085953,"y":0.8876549601554871,"z":-0.1426239162683487,"w":-0.43242043256759646},"size":0.16675712168216706,"orthographic":false}