{"cameraMode":{"drawMode":0,"name":"Shaded","section":"Shading Mode"},"sceneLighting":false,"audioPlay":false,"sceneViewState":{"m_AlwaysRefresh":false,"showFog":true,"showSkybox":false,"showFlares":true,"showImageEffects":true,"showParticleSystems":true,"showVisualEffectGraphs":true,"m_FxEnabled":true},"in2DMode":false,"pivot":{"x":-0.01127920113503933,"y":-0.06957805156707764,"z":-0.06259709596633911},"rotation":{"x":0.13363966345787049,"y":0.7932600378990173,"z":-0.18807724118232728,"w":0.563541829586029},"size":0.5770200490951538,"orthographic":false}