{"cameraMode":{"drawMode":0,"name":"Shaded","section":"Shading Mode"},"sceneLighting":false,"audioPlay":false,"sceneViewState":{"m_AlwaysRefresh":false,"showFog":true,"showSkybox":false,"showFlares":true,"showImageEffects":true,"showParticleSystems":true,"showVisualEffectGraphs":true,"m_FxEnabled":true},"in2DMode":false,"pivot":{"x":-0.37498143315315249,"y":-0.09557357430458069,"z":-0.022088579833507539},"rotation":{"x":-0.11402054131031037,"y":0.6931731700897217,"z":-0.11242631822824478,"w":-0.7028244733810425},"size":0.579975426197052,"orthographic":false}